test,p_depol,context,group_a,group_b,n,t_stat,df,p_value,alpha,reject_h0,mean_a,mean_b,mean_diff,ci_low,ci_high
paired_cutoff,0.02,N_MEM=5,off,on,30,-116.70557484243704,29.0,2.589110490839465e-40,0.05,true,0.7788719778699427,0.901626705912079,-0.12275472804213639,-0.12490596725108305,-0.12060348883318961
paired_cutoff,0.05,N_MEM=5,off,on,30,-83.21354026185907,29.0,4.577977454666522e-36,0.05,true,0.731676804805637,0.8436741002330143,-0.11199729542737724,-0.11474997471161319,-0.10924461614314102
paired_cutoff,0.1,N_MEM=5,off,on,30,-100.37141514963194,29.0,2.030299938038325e-38,0.05,true,0.6597349281235567,0.7544601100447204,-0.09472518192116364,-0.09665536044492722,-0.09279500339740009
welch_mem,0.02,cutoff_off,5,10,30,40.32884351737464,57.31961536148829,9.044918725847326e-44,0.05,true,0.7788719778699427,0.7092253344416866,0.0696466434282561,0.0661888664659837,0.07310442039052852
welch_mem,0.02,cutoff_off,5,20,30,79.08563381675114,56.943375503226655,6.434174175367487e-60,0.05,true,0.7788719778699427,0.6401544254746742,0.1387175523952685,0.1352051180835441,0.1422299867069929
welch_mem,0.02,cutoff_off,10,20,30,37.450647784962136,57.955593704745354,2.6139150547857213e-42,0.05,true,0.7092253344416866,0.6401544254746742,0.0690709089670124,0.06537904487730091,0.07276277305672389
